{
  "hourly_analysis": {
    "hourly_stats": {
      "0": {
        "mean": 80.9151426709738,
        "median": 48.1293,
        "std": 109.74734903353824,
        "min": 0.0,
        "max": 660.5675,
        "count": 72438
      },
      "1": {
        "mean": 79.53165482994511,
        "median": 47.6892,
        "std": 108.40221042676079,
        "min": 0.0,
        "max": 662.2878,
        "count": 72506
      },
      "2": {
        "mean": 78.42484922518094,
        "median": 47.0491,
        "std": 107.37520448723374,
        "min": 0.0,
        "max": 673.0099,
        "count": 72404
      },
      "3": {
        "mean": 77.48003817582479,
        "median": 46.809,
        "std": 106.26213300355703,
        "min": 0.0,
        "max": 668.8891,
        "count": 72504
      },
      "4": {
        "mean": 77.04193645867814,
        "median": 46.569,
        "std": 105.62541431682352,
        "min": 0.0,
        "max": 667.0887,
        "count": 72504
      },
      "5": {
        "mean": 78.20861115585652,
        "median": 47.2091,
        "std": 107.27848481919622,
        "min": 0.0,
        "max": 667.3688,
        "count": 72509
      },
      "6": {
        "mean": 82.87740741731719,
        "median": 48.0093,
        "std": 112.0630138875483,
        "min": 0.0,
        "max": 671.4896,
        "count": 72506
      },
      "7": {
        "mean": 88.64195272042699,
        "median": 45.9689,
        "std": 119.39417574417993,
        "min": 0.0,
        "max": 801.1546,
        "count": 72507
      },
      "8": {
        "mean": 90.1604922268502,
        "median": 45.5703,
        "std": 121.62344878285514,
        "min": 0.0,
        "max": 768.9484,
        "count": 72506
      },
      "9": {
        "mean": 92.03820742962748,
        "median": 46.809,
        "std": 124.22422177605709,
        "min": 0.0,
        "max": 723.5396,
        "count": 72507
      },
      "10": {
        "mean": 93.7491554317395,
        "median": 48.1093,
        "std": 126.43577607739172,
        "min": 0.0,
        "max": 757.4462,
        "count": 72509
      },
      "11": {
        "mean": 95.04627192387257,
        "median": 48.8094,
        "std": 128.0821669663187,
        "min": 0.0,
        "max": 774.5495,
        "count": 72510
      },
      "12": {
        "mean": 96.54171168512363,
        "median": 49.0495,
        "std": 130.14966284864286,
        "min": 0.0,
        "max": 785.4516,
        "count": 72511
      },
      "13": {
        "mean": 97.05121302836811,
        "median": 49.2895,
        "std": 130.8529693817049,
        "min": 0.0,
        "max": 788.9523,
        "count": 72511
      },
      "14": {
        "mean": 97.0359152296235,
        "median": 49.4285,
        "std": 130.76474403201058,
        "min": 0.0,
        "max": 810.4564,
        "count": 72510
      },
      "15": {
        "mean": 96.77916021321491,
        "median": 49.0094,
        "std": 130.35064137765912,
        "min": 0.0,
        "max": 801.0546,
        "count": 72509
      },
      "16": {
        "mean": 96.11595197214177,
        "median": 48.694900000000004,
        "std": 129.4108165777073,
        "min": 0.0,
        "max": 798.054,
        "count": 72510
      },
      "17": {
        "mean": 94.82951005502613,
        "median": 47.8492,
        "std": 127.5853330290878,
        "min": 0.0,
        "max": 826.1594,
        "count": 72511
      },
      "18": {
        "mean": 94.976945559984,
        "median": 49.8656,
        "std": 126.54196166076063,
        "min": 0.0,
        "max": 856.3653,
        "count": 72511
      },
      "19": {
        "mean": 94.86506013981183,
        "median": 50.5098,
        "std": 125.60711063953126,
        "min": 0.0,
        "max": 1324.974,
        "count": 72383
      },
      "20": {
        "mean": 94.49513174434199,
        "median": 51.73,
        "std": 123.8916032909453,
        "min": 0.0,
        "max": 866.8673,
        "count": 72331
      },
      "21": {
        "mean": 93.57449147380063,
        "median": 51.91,
        "std": 122.196613005213,
        "min": 0.0,
        "max": 826.1594,
        "count": 72330
      },
      "22": {
        "mean": 90.37011382809584,
        "median": 50.8098,
        "std": 119.09558268794676,
        "min": 0.0,
        "max": 779.4504,
        "count": 72331
      },
      "23": {
        "mean": 83.95347021470738,
        "median": 49.3295,
        "std": 113.37545120207972,
        "min": 0.0,
        "max": 689.6331,
        "count": 72331
      }
    },
    "peak_hour": 13,
    "low_hour": 4,
    "peak_consumption": 97.05121302836811,
    "low_consumption": 77.04193645867814,
    "hourly_variance": 7.351883817758644
  },
  "daily_analysis": {
    "daily_stats": {
      "0": {
        "mean": 91.0051841371277,
        "median": 49.455,
        "std": 122.34427574407133
      },
      "1": {
        "mean": 91.84775729146429,
        "median": 49.6096,
        "std": 123.54284944126317
      },
      "2": {
        "mean": 92.13991005275192,
        "median": 49.98865,
        "std": 123.92775583318284
      },
      "3": {
        "mean": 91.57480267060876,
        "median": 49.6061,
        "std": 123.26754385519332
      },
      "4": {
        "mean": 89.59015819101226,
        "median": 48.2493,
        "std": 121.33385284448143
      },
      "5": {
        "mean": 85.2349271525193,
        "median": 46.50899999999999,
        "std": 115.72839803175219
      },
      "6": {
        "mean": 84.23916504573866,
        "median": 46.0089,
        "std": 114.95687941370714
      }
    },
    "weekday_average": 91.22820415331029,
    "weekend_average": 84.73701820484705,
    "weekend_ratio": 0.9288467200608848
  },
  "seasonal_analysis": {
    "monthly_stats": {
      "1": {
        "mean": 56.65367949322931,
        "median": 0.8502,
        "std": 105.16784851435952
      },
      "2": {
        "mean": 55.59640064799439,
        "median": 0.0,
        "std": 104.2918199861455
      },
      "3": {
        "mean": 55.60465001255727,
        "median": 0.6681,
        "std": 105.6479921295259
      },
      "4": {
        "mean": 55.4637808857417,
        "median": 0.5501,
        "std": 104.61545241993461
      },
      "5": {
        "mean": 71.6354966867429,
        "median": 29.2456,
        "std": 112.66616664928961
      },
      "6": {
        "mean": 107.71148606104099,
        "median": 65.3741,
        "std": 125.02569392959391
      },
      "7": {
        "mean": 111.40792756359679,
        "median": 72.4405,
        "std": 126.77436413613748
      },
      "8": {
        "mean": 112.01415792451552,
        "median": 70.8137,
        "std": 125.2399575388967
      },
      "9": {
        "mean": 113.17054262462135,
        "median": 73.8142,
        "std": 125.05228617338243
      },
      "10": {
        "mean": 112.84410377647791,
        "median": 71.0137,
        "std": 124.64759699790838
      },
      "11": {
        "mean": 112.8699676396497,
        "median": 68.0131,
        "std": 127.2054873412444
      },
      "12": {
        "mean": 105.5752960519523,
        "median": 63.5123,
        "std": 124.2101794706939
      }
    },
    "quarterly_stats": {
      "1": {
        "mean": 55.96229643262594,
        "median": 0.6011,
        "std": 105.0589150313047
      },
      "2": {
        "mean": 78.1601621335469,
        "median": 36.407,
        "std": 116.4220097707615
      },
      "3": {
        "mean": 112.1889841847198,
        "median": 72.414,
        "std": 125.69793512435241
      },
      "4": {
        "mean": 110.41265279012234,
        "median": 67.21300000000001,
        "std": 125.39034412198498
      }
    },
    "peak_month": 9,
    "low_month": 4,
    "seasonal_variance": 27.10611481390587
  },
  "summary": {
    "total_records": 1739189,
    "date_range": {
      "start": "2016-01-01 00:00:00",
      "end": "2017-12-31 23:00:00",
      "days": 730
    },
    "unique_buildings": 100
  }
}